CITY_CODE;CITY;COUNTRY
ALV;andorra_la_vella_AD;AD
AUH;abu_dhabi_AE;AE
AAN;al_ain_AE;AE
FJR;al_fujairah_AE;AE
DXB;dubai_AE;AE
KBL;kabul_AF;AF
ANU;st_johns_(antigua)_AG;AG
AXA;anguilla_AI;AI
TIA;tirana_AL;AL
EVN;yerevan_AM;AM
CUR;curacao_AN;AN
LAD;luanda_AO;AO
BHI;bahia_blanca_AR;AR
EZE;buenos_aires_AR;AR
CLX;clorinda_AR;AR
CRD;comodoro_rivadavia_AR;AR
COR;cordoba_ar_AR;AR
IGR;iguazu_AR;AR
MDQ;mar_del_plata_AR;AR
MDZ;mendoza_AR;AR
NQN;neuquen_AR;AR
PSS;posadas_AR;AR
RCQ;reconquista_avellaneda_AR;AR
RES;resistencia-corrientes_AR;AR
RCU;rio_cuarto_AR;AR
RGL;rio_gallegos_AR;AR
RGA;rio_grande_AR;AR
ROS;rosario_AR;AR
SLA;salta_AR;AR
BRC;san_carlos_de_bariloche_AR;AR
CTC;san_fernando_del_valle_de_catamarca_AR;AR
UAQ;san_juan_ar_AR;AR
LUQ;san_luis_ar_AR;AR
TUC;san_miguel_de_tucuman_AR;AR
SFN;santa_fe_ar_AR;AR
RSA;santa_rosa_AR;AR
REL;trelew_AR;AR
USH;ushuaia_AR;AR
GRZ;graz_AT;AT
INN;innsbruck_AT;AT
KLU;klagenfurt_AT;AT
LNZ;linz_AT;AT
SZG;salzburg_AT;AT
VIE;vienna_AT;AT
ADL;adelaide_AU;AU
ABX;albury_AU;AU
ASP;alice_springs_AU;AU
BNK;ballina_AU;AU
BNE;brisbane_AU;AU
BME;broome_AU;AU
CNS;cairns_AU;AU
CBR;canberra_AU;AU
CFS;coffs_harbour_AU;AU
DRW;darwin_AU;AU
DBO;dubbo_AU;AU
GET;geraldton_AU;AU
GLT;gladstone_AU;AU
HVB;hervey_bay_AU;AU
HBA;hobart_AU;AU
KGI;kalgoorlie_AU;AU
KTA;karratha_AU;AU
MKY;mackay_AU;AU
MEL;melbourne_AU;AU
MQL;mildura_AU;AU
NTL;newcastle_au_AU;AU
PER;perth_AU;AU
PQQ;port_macquarie_AU;AU
SYD;sydney_AU;AU
TSV;townsville_AU;AU
BAK;baku_AZ;AZ
BNX;banja_luka_BA;BA
OMO;mostar_BA;BA
SJJ;sarajevo_BA;BA
TZL;tuzla_BA;BA
BGI;barbados_BB;BB
CGP;chittagong_BD;BD
DAC;dhaka_BD;BD
ANR;antwerp_BE;BE
BRU;brussels_BE;BE
CRL;charleroi_BE;BE
GNE;ghent_BE;BE
KJK;kortrijk_BE;BE
LGG;liege_BE;BE
OST;ostend_BE;BE
BOY;bobo_dioulasso_BF;BF
OUA;ouagadougou_BF;BF
BOJ;burgas_BG;BG
PDV;plovdiv_BG;BG
SOF;sofia_BG;BG
VAR;varna_BG;BG
BAH;bahrain_BH;BH
BJM;bujumbura_BI;BI
COO;cotonou_BJ;BJ
BDA;bermuda_kindley_BM;BM
BWN;bandar_seri_begawan_BN;BN
CBB;cochabamba_BO;BO
LPB;la_paz_BO;BO
ORU;oruro_BO;BO
VVI;santa_cruz_de_la_sierra_BO;BO
SRE;sucre_BO;BO
MEU;almeirim_BR;BR
AFL;alta_floresta_BR;BR
ATM;altamira_BR;BR
AJU;aracaju_BR;BR
ARU;aracatuba_BR;BR
AUX;araguaina_BR;BR
APQ;arapiraca_BR;BR
AQA;araraquara_BR;BR
AAX;araxa_BR;BR
BRA;barreiras_BR;BR
BAU;bauru_BR;BR
QAU;bebedouro_BR;BR
BEL;belem_BR;BR
PLU;belo_horizonte_BR;BR
BNU;blumenau_BR;BR
BVB;boa_vista_BR;BR
RBB;borba_BR;BR
QCJ;botucatu_BR;BR
BSB;brasilia_BR;BR
CFB;cabo_frio_BR;BR
CLV;caldas_novas_BR;BR
CPV;campina_grande_BR;BR
VCP;campinas_BR;BR
CGR;campo_grande_BR;BR
CAW;campos_BR;BR
CXJ;caxias_do_sul_BR;BR
XAP;chapeco_BR;BR
CMG;corumba_BR;BR
CCM;criciuma_BR;BR
CZS;cruzeiro_do_sul_BR;BR
CGB;cuiaba_BR;BR
CWB;curitiba_BR;BR
DOU;dourados_BR;BR
FLN;florianopolis_BR;BR
FOR;fortaleza_BR;BR
IGU;foz_do_iguacu_BR;BR
FRC;franca_BR;BR
GYN;goiania_BR;BR
GVR;governador_valadares_BR;BR
GNM;guanambi_BR;BR
IOS;ilheus_BR;BR
IMP;imperatriz_BR;BR
IPN;ipatinga_BR;BR
ITB;itaituba_BR;BR
JEQ;jequie_BR;BR
JPR;jiparana_BR;BR
JPA;joao_pessoa_BR;BR
JOI;joinville_BR;BR
JDF;juiz_de_fora_BR;BR
LBR;labrea_BR;BR
LAJ;lages_BR;BR
LDB;londrina_BR;BR
MCP;macapa_BR;BR
MCZ;maceio_BR;BR
MAO;manaus_BR;BR
MAB;maraba_BR;BR
MGF;maringa_BR;BR
MOC;montes_claros_BR;BR
MVF;mossoro_BR;BR
NAT;natal_BR;BR
NVT;navegantes_BR;BR
OYK;oiapoque_BR;BR
ORX;oriximina_BR;BR
PMW;palmas_BR;BR
CKS;parauapebas_BR;BR
PHB;parnaiba_BR;BR
PFB;passo_fundo_BR;BR
POJ;patos_de_minas_BR;BR
PNZ;petrolina_BR;BR
PIV;pirapora_BR;BR
POO;pocos_de_caldas_BR;BR
POA;porto_alegre_BR;BR
BPS;porto_seguro_BR;BR
PVH;porto_velho_BR;BR
PPY;pouso_alegre_BR;BR
REC;recife_BR;BR
RAO;ribeirao_preto_BR;BR
RBR;rio_branco_BR;BR
SDU;rio_de_janeiro_BR;BR
RIG;rio_grande_br_BR;BR
ROO;rondonopolis_BR;BR
SSA;salvador_BR;BR
STM;santarem_BR;BR
CGH;santos_BR;BR
SJP;sao_jose_do_rio_preto_BR;BR
SJK;sao_jose_dos_campos_BR;BR
SLZ;sao_luiz_BR;BR
SBJ;sao_mateus_BR;BR
GRU;sao_paulo_BR;BR
OPS;sinop_BR;BR
SOD;sorocaba_BR;BR
THE;teresina_BR;BR
UBA;uberaba_BR;BR
UDI;uberlandia_BR;BR
UNA;una_BR;BR
VIA;videira_BR;BR
VIX;vitoria_br_BR;BR
VDC;vitoria_da_conquista_BR;BR
NAS;nassau_BS;BS
GBE;gaborone_BW;BW
BQT;brest_by_BY;BY
GME;gomel_BY;BY
MSQ;minsk_BY;BY
VTB;vitebsk_BY;BY
BZE;belize_BZ;BZ
YYC;calgary_CA;CA
YEG;edmonton_CA;CA
YQX;gander_CA;CA
YYR;goose_bay_CA;CA
YHZ;halifax_CA;CA
YQM;moncton_CA;CA
YUL;montreal_CA;CA
YOW;ottawa_CA;CA
YQB;quebec_city_CA;CA
YYT;st_johns_CA;CA
YJT;stephenville_CA;CA
YQY;sydney_ca_CA;CA
YYZ;toronto_CA;CA
YVR;vancouver_CA;CA
YWG;winnipeg_CA;CA
FIH;kinshasa_CD;CD
FBM;lubumbadhi_CD;CD
MJM;mbuji-mayi_CD;CD
BGF;bangui_CF;CF
BZV;brazzaville_CG;CG
PNR;pointe_noire_CG;CG
ACH;altenrhein_CH;CH
BSL;bale_mulhouse_CH;CH
BRN;berne_CH;CH
GVA;geneva_CH;CH
LUG;lugano_CH;CH
SIR;sion_CH;CH
SMV;st_moritz_CH;CH
ZRH;zurich_CH;CH
ABJ;abidjan_CI;CI
SPY;san_pedro_CI;CI
ASK;yamoussoukro_CI;CI
ANF;antofagasta_CL;CL
CJC;calama_CL;CL
MHC;castro_CL;CL
CCP;concepcion_CL;CL
CPO;copiapo_CL;CL
BBA;coyhaique_CL;CL
IQQ;iquique_CL;CL
LSC;la_serena_CL;CL
LSQ;los_angeles_cl_CL;CL
ZOS;osorno_CL;CL
PMC;puerto_montt_CL;CL
PUQ;punta_arenas_CL;CL
SCL;santiago_de_chile_CL;CL
ZCO;temuco_CL;CL
VAP;valparaiso_CL;CL
DLA;douala_CM;CM
MVR;maroua_CM;CM
YAO;yaounde_CM;CM
AKU;akesu_CN;CN
DBC;baicheng_CN;CN
AEB;baise_CN;CN
TCZ;baoshan_CN;CN
BAV;baotou_CN;CN
BHY;beihai_CN;CN
PEK;beijing_CN;CN
BFU;bengbu_CN;CN
CGQ;changchun_CN;CN
CGD;changde_CN;CN
CSX;changsha_CN;CN
CIH;changzhi_CN;CN
CZX;changzhou_CN;CN
CTU;chengdu_CN;CN
CIF;chifeng_CN;CN
CKG;chongqing_CN;CN
DLC;dalian_CN;CN
DQA;daqing_CN;CN
DAT;datong_CN;CN
FOC;fuzhou_CN;CN
KOW;ganzhou_CN;CN
CAN;guangzhou_CN;CN
KWL;guilin_CN;CN
KWE;guiyang_CN;CN
HAK;haikou_CN;CN
HDG;handan_CN;CN
HGH;hangzhou_CN;CN
HRB;harbin_CN;CN
HFE;hefei_CN;CN
HTN;hetian_CN;CN
HET;hohhot_CN;CN
HIA;huaian_CN;CN
HJJ;huaihua_CN;CN
TXN;huangshan_CN;CN
HUZ;huizhou_CN;CN
HLD;hulunbuir_CN;CN
JMU;jiamusi_CN;CN
JGN;jiayuguan_CN;CN
TNA;jinan_CN;CN
JDZ;jingdezhen_CN;CN
JNG;jining_CN;CN
JNZ;jinzhou_CN;CN
JIU;jiujiang_CN;CN
KHG;kashgar_CN;CN
KMG;kunming_CN;CN
LHW;lanzhou_CN;CN
LXA;lhasa_CN;CN
LYG;lianyungang_CN;CN
LJG;lijiang_CN;CN
LNJ;lincang_CN;CN
LYI;linyi_CN;CN
LZH;liuzhou_CN;CN
LYA;luoyang_CN;CN
LZO;luzhou_CN;CN
MXZ;meizhou_CN;CN
MIG;mianyang_CN;CN
MDG;mudanjiang_CN;CN
KHN;nanchang_CN;CN
NKG;nanjing_CN;CN
NNG;nanning_CN;CN
NTG;nantong_CN;CN
NGB;ningbo_CN;CN
SYM;puer_CN;CN
TAO;qingdao_CN;CN
SHP;qinhuangdao_CN;CN
NDG;qiqihar_CN;CN
JJN;quanzhou_CN;CN
JUZ;quzhou_CN;CN
SQJ;sanming_CN;CN
SHA;shanghai_CN;CN
SQD;shangrao_CN;CN
SWA;shantou_CN;CN
HSC;shaoguan_CN;CN
SHE;shenyang_CN;CN
SZX;shenzhen_CN;CN
SJW;shijiazhuang_CN;CN
WDS;shiyan_CN;CN
TYN;taiyuan_CN;CN
HYN;taizhou_CN;CN
TSN;tianjin_CN;CN
THQ;tianshui_CN;CN
TNH;tonghua_CN;CN
TEN;tongren_CN;CN
URC;urumqi_CN;CN
WEF;weifang_CN;CN
WNZ;wenzhou_CN;CN
WUA;wuhai_CN;CN
WUH;wuhan_CN;CN
WHU;wuhu_CN;CN
WUX;wuxi_CN;CN
XMN;xiamen_CN;CN
XIY;xian_CN;CN
XFN;xiangfan_CN;CN
XIL;xilinhot_CN;CN
XNT;xingtai_CN;CN
XNN;xining_CN;CN
XUZ;xuzhou_CN;CN
YTY;yangzhou_CN;CN
YNT;yantai_CN;CN
YBP;yibin_CN;CN
YIH;yichang_CN;CN
YIC;yichun_CN;CN
INC;yinchuan_CN;CN
LLF;yongzhou_CN;CN
UYN;yulin_CN;CN
YCU;yuncheng_CN;CN
DYG;zhangjiajie_CN;CN
YZY;zhangye_CN;CN
ZHA;zhanjiang_CN;CN
ZAT;zhaotong_CN;CN
CGO;zhengzhou_CN;CN
ZHY;zhongwei_CN;CN
HSN;zhoushan_CN;CN
ZUH;zhuhai_CN;CN
APO;apartado_CO;CO
AUC;arauca_CO;CO
EJA;barrancabermeja_CO;CO
BAQ;barranquilla_CO;CO
BOG;bogota_CO;CO
CLO;cali_CO;CO
CTG;cartagena_de_indias_CO;CO
CUC;cucuta_CO;CO
FLA;florencia_CO;CO
LET;leticia_CO;CO
MDE;medellin_CO;CO
MTR;monteria_CO;CO
NVA;neiva_CO;CO
PSO;pasto_CO;CO
PEI;pereira_CO;CO
UIB;quibdo_CO;CO
RCH;riohacha_CO;CO
SJE;san_jose_del_guaviare_CO;CO
TCO;tumaco_CO;CO
VUP;valledupar_CO;CO
EYP;yopal_CO;CO
LIR;liberia_CR;CR
SJO;san_jose_cr_CR;CR
HAV;havana_CU;CU
RAI;praia_CV;CV
LCA;larnaca_CY;CY
EPK;limassol_CY;CY
ECN;nicosia_CY;CY
PFO;paphos_CY;CY
BRQ;brno_CZ;CZ
KLV;karlovy_vary_CZ;CZ
OSR;ostrava_CZ;CZ
PRG;prague_CZ;CZ
AOC;altenburg_DE;DE
AGB;augsburg_DE;DE
ZCC;baden_baden_DE;DE
TXL;berlin_DE;DE
BWE;braunschweig_DE;DE
BRE;bremen_DE;DE
CGN;cologne_bonn_DE;DE
NDZ;cuxhaven_DE;DE
DTM;dortmund_DE;DE
DRS;dresden_DE;DE
DUS;dusseldorf_DE;DE
EME;emden_DE;DE
ERF;erfurt_DE;DE
ESS;essen_DE;DE
FRA;frankfurt_DE;DE
QFB;freiburg_DE;DE
FDH;friedrichshafen_DE;DE
HHN;hahn_DE;DE
HAM;hamburg_DE;DE
HAJ;hanover_DE;DE
HOQ;hof_DE;DE
ZNQ;ingolstadt_DE;DE
QKA;karlsruhe_DE;DE
KSF;kassel_DE;DE
KEL;kiel_DE;DE
LEJ;leipzig_halle_DE;DE
LBC;lubeck_DE;DE
MHG;mannheim_DE;DE
QOX;memmingen_DE;DE
MGL;monchengladbach_DE;DE
MUC;munich_DE;DE
FMO;munster_DE;DE
NUE;nuremberg_DE;DE
PAD;paderborn_DE;DE
RLG;rostock_DE;DE
SCN;saarbrucken_DE;DE
SZW;schwerin_DE;DE
SGE;siegen_DE;DE
STR;stuttgart_DE;DE
ZQW;zweibrucken_DE;DE
JIB;djibouti_DJ;DJ
AAL;aalborg_DK;DK
AAR;aarhus_DK;DK
BLL;billund_DK;DK
CPH;copenhagen_DK;DK
EBJ;esbjerg_DK;DK
FAE;faroe_islands_DK;DK
FLF;flensburg_DK;DK
KRP;karup_DK;DK
ODE;odense_DK;DK
RNN;ronne_DK;DK
SGD;sonderborg_DK;DK
DOM;dominica_DM;DM
SDQ;santo_domingo_dm_DO;DO
ALG;algiers_DZ;DZ
AAE;annaba_DZ;DZ
BLJ;batna_DZ;DZ
BJA;bejaia_DZ;DZ
BSK;biskra_DZ;DZ
CZL;constantine_DZ;DZ
GHA;ghardaia_DZ;DZ
HME;hassi_messaoud_DZ;DZ
OGX;ouargla_DZ;DZ
CUE;cuenca_EC;EC
GYE;guayaquil_EC;EC
MCH;machala_EC;EC
MEC;manta_EC;EC
UIO;quito_EC;EC
EPU;parnu_EE;EE
TLL;tallinn_EE;EE
TAY;tartu_EE;EE
ALY;alexandria_EG;EG
ATZ;assiut_EG;EG
CAI;cairo_EG;EG
HRG;hurghada_EG;EG
LXR;luxor_EG;EG
PSD;port_said_EG;EG
SSH;sharm_el_sheikh_EG;EG
ASM;asmara_ER;ER
ABC;albacete_ES;ES
ALC;alicante_ES;ES
LEI;almeria_ES;ES
BJZ;badajoz_ES;ES
BCN;barcelona_ES;ES
BIO;bilbao_ES;ES
JCU;ceuta_ES;ES
ODB;cordoba_es_ES;ES
GRO;gerona_ES;ES
GRX;granada_ES;ES
IBZ;ibiza_ES;ES
XRY;jerez_cadiz_ES;ES
LCG;la_coruna_ES;ES
LPA;las_palmas_ES;ES
RJL;logrono_ES;ES
MAD;madrid_ES;ES
MAH;mahon_ES;ES
AGP;malaga_ES;ES
MLN;melilla_ES;ES
MJV;murcia_ES;ES
OVD;oviedo_ES;ES
PMI;palma_de_mallorca_ES;ES
PNA;pamplona_ES;ES
SLM;salamanque_ES;ES
EAS;san_sebastian_ES;ES
SDR;santander_ES;ES
SCQ;santiago_de_compostela_ES;ES
SVQ;seville_ES;ES
QGN;tarragona_ES;ES
TFS;tenerife_ES;ES
VLC;valencia_es_ES;ES
VLL;valladolid_ES;ES
VGO;vigo_ES;ES
VIT;vitoria_es_ES;ES
ZAZ;zaragoza_ES;ES
ADD;addis_ababa_ET;ET
HEL;helsinki_FI;FI
JOE;joensuu_FI;FI
JYV;jyvaskyla_FI;FI
KAJ;kajaani_FI;FI
KOK;kokkola_FI;FI
KUO;kuopio_FI;FI
KAO;kuusamo_FI;FI
MHQ;mariehamn_FI;FI
OUL;oulu_FI;FI
POR;pori_FI;FI
RVN;rovaniemi_FI;FI
SJY;seinajoki_FI;FI
TMP;tampere_FI;FI
TKU;turku_FI;FI
VAA;vaasa_FI;FI
SUV;suva_FJ;FJ
PNI;pohnpei_FM;FM
AGF;agen_FR;FR
AJA;ajaccio_FR;FR
LBI;albi_FR;FR
QAM;amiens_FR;FR
ANE;angers_FR;FR
ANG;angouleme_FR;FR
NCY;annecy_FR;FR
AUR;aurillac_FR;FR
AUF;auxerre_FR;FR
AVN;avignon_FR;FR
BIA;bastia_FR;FR
BVA;beauvais_FR;FR
EGC;bergerac_FR;FR
QBQ;besancon_FR;FR
BIQ;biarritz_FR;FR
BOD;bordeaux_FR;FR
XBK;bourg_en_bresse_FR;FR
BOU;bourges_FR;FR
BES;brest_fr_FR;FR
BVE;brive_FR;FR
CFR;caen_FR;FR
CQF;calais_dunkerque_FR;FR
CCF;carcassonne_FR;FR
CMF;chambery_FR;FR
CHR;chateauroux_FR;FR
CER;cherbourg_FR;FR
CFE;clermont_ferrand_FR;FR
CNG;cognac_FR;FR
CMR;colmar_FR;FR
XDA;dax_FR;FR
DIJ;dijon_FR;FR
EPL;epinal_FR;FR
GNB;grenoble_FR;FR
LRH;la_rochelle_FR;FR
LEH;le_havre_FR;FR
LME;le_mans_FR;FR
LIL;lille_FR;FR
LIG;limoges_FR;FR
LRT;lorient_FR;FR
LYS;lyon_FR;FR
MRS;marseille_FR;FR
ETZ;metz_nancy_FR;FR
XMF;montbelliard_FR;FR
MCU;montlucon_FR;FR
MPL;montpellier_FR;FR
NTE;nantes_FR;FR
NVS;nevers_FR;FR
NCE;nice_FR;FR
FNI;nimes_FR;FR
NIT;niort_FR;FR
ORE;orleans_FR;FR
CDG;paris_FR;FR
PUF;pau_FR;FR
PGF;perpignan_FR;FR
PIS;poitiers_FR;FR
UIP;quimper_FR;FR
RHE;reims_FR;FR
RNS;rennes_FR;FR
RDZ;rodez_FR;FR
URO;rouen_FR;FR
SBK;st_brieuc_FR;FR
EBU;st_etienne_FR;FR
SXB;strasbourg_FR;FR
LDE;tarbes_FR;FR
TLN;toulon_FR;FR
TLS;toulouse_FR;FR
TUF;tours_FR;FR
QYR;troyes_FR;FR
VAF;valence_FR;FR
LBV;libreville_GA;GA
MFF;moanda_GA;GA
POG;port_gentil_GA;GA
ABZ;aberdeen_GB;GB
BFS;belfast_GB;GB
BHX;birmingham_gb_GB;GB
BLK;blackpool_GB;GB
BOH;bournemouth_GB;GB
BSH;brighton_GB;GB
BRS;bristol_GB;GB
CBG;cambridge_GB;GB
CAL;campbeltown_GB;GB
CWL;cardiff_GB;GB
DND;dundee_GB;GB
EDI;edinburgh_GB;GB
EXT;exeter_GB;GB
FFD;fairford_GB;GB
GIB;gibraltar_GB;GB
GLA;glasgow_GB;GB
GLO;gloucester_cheltenham_GB;GB
GCI;guernsey_GB;GB
HAW;haverfordwest_GB;GB
HUY;humberside_GB;GB
INV;inverness_GB;GB
IOM;isle_of_man_GB;GB
JER;jersey_GB;GB
KOI;kirkwall_GB;GB
LBA;leeds_GB;GB
LPL;liverpool_GB;GB
LGW;london_GB;GB
LDY;londonderry_GB;GB
MAN;manchester_gb_GB;GB
NCL;newcastle_gb_GB;GB
NQY;newquay_GB;GB
NWI;norwich_GB;GB
EMA;nottingham_GB;GB
OXF;oxford_GB;GB
SOU;southampton_GB;GB
SYY;stornoway_GB;GB
LSI;sumburgh_(shetland)_GB;GB
SWS;swansea_GB;GB
MME;teesside_GB;GB
GND;grenada_GD;GD
TBS;tbilissi_GE;GE
CAY;cayenne_GF;GF
LDX;st_laurent_du_maroni_GF;GF
ACC;accra_GH;GH
KMS;kumasi_GH;GH
BJL;banjul_GM;GM
CKY;conakry_GN;GN
PTP;pointe_a_pitre_GP;GP
SSG;malabo_GQ;GQ
AXD;alexandroupolis_GR;GR
ATH;athens_GR;GR
JKH;chios_GR;GR
IOA;ioannina_GR;GR
HER;iraklion_GR;GR
KLX;kalamata_GR;GR
KSO;kastoria_GR;GR
KVA;kavala_GR;GR
KZI;kozani_GR;GR
LRA;larissa_GR;GR
GPA;patras_araxos_GR;GR
RHO;rodos_GR;GR
SKG;thessaloniki_GR;GR
VOL;volos_GR;GR
GUA;guatemala_city_GT;GT
GUM;guam_GU;GU
OXB;bissau_GW;GW
GEO;georgetown_gy_GY;GY
HKG;hong_kong_HK;HK
LCE;la_ceiba_HN;HN
SAP;san_pedro_sula_HN;HN
TGU;tegucigalpa_HN;HN
DBV;dubrovnik_HR;HR
PUY;pula_HR;HR
RJK;rijeka_HR;HR
SPU;split_HR;HR
ZAD;zadar_HR;HR
ZAG;zagreb_HR;HR
PAP;port_au_prince_HT;HT
BUD;budapest_HU;HU
DEB;debrecen_HU;HU
MKL;miskolc_HU;HU
QPJ;pecs_HU;HU
SOB;sarmellek_HU;HU
BPN;balikpapan_ID;ID
DPS;denpasar_(bali)_ID;ID
CGK;jakarta_ID;ID
KOE;kupang_ID;ID
ORK;cork_IE;IE
CFN;donegal_IE;IE
DUB;dublin_IE;IE
GWY;galway_IE;IE
SNN;shannon_IE;IE
WAT;waterford_IE;IE
TLV;tel_aviv_IL;IL
IXA;agartala_IN;IN
AGR;agra_IN;IN
AMD;ahmedabad_IN;IN
AJL;aizawl_IN;IN
IXU;aurangabad_IN;IN
BLR;bangalore_IN;IN
BUP;bathinda_IN;IN
BEP;bellary_IN;IN
BHU;bhavnagar_IN;IN
BHO;bhopal_IN;IN
BBI;bhubaneswar_IN;IN
BKB;bikaner_IN;IN
IXC;chandigarh_IN;IN
MAA;chennai_IN;IN
CJB;coimbatore_IN;IN
NMB;daman_IN;IN
DED;dehradun_IN;IN
DEL;delhi_IN;IN
DIB;dibrugarh_IN;IN
DMU;dimapur_IN;IN
GOI;goa_IN;IN
GAU;guwahati_IN;IN
GWL;gwalior_IN;IN
HSS;hisar_IN;IN
HBX;hubli_IN;IN
HYD;hyderabad_IN;IN
IDR;indore_IN;IN
JLR;jabalpur_IN;IN
JGB;jagdalpur_IN;IN
JAI;jaipur_IN;IN
IXJ;jammu_IN;IN
IXW;jamshedpur_IN;IN
JDH;jodhpur_IN;IN
COK;kochi_IN;IN
KLH;kolhapur_IN;IN
CCU;kolkata_IN;IN
KTU;kota_IN;IN
CCJ;kozhikode_IN;IN
LTU;latur_IN;IN
LKO;lucknow_IN;IN
LUH;ludhiana_IN;IN
IXM;madurai_IN;IN
IXE;mangalore_IN;IN
BOM;mumbai_IN;IN
MYQ;mysore_IN;IN
NAG;nagpur_IN;IN
ISK;nashik_IN;IN
PAT;patna_IN;IN
PNQ;pune_IN;IN
PUI;purnia_IN;IN
RPR;raipur_IN;IN
RAJ;rajkot_IN;IN
IXR;ranchi_IN;IN
RRK;raurkela_IN;IN
SXV;salem_IN;IN
SHL;shillong_IN;IN
SLV;shimla_IN;IN
IXB;siliguri_IN;IN
STV;surat_IN;IN
TRV;thiruvananthapuram_IN;IN
UDR;udaipur_IN;IN
BDQ;vadodara_IN;IN
VNS;varanasi_IN;IN
VGA;vijayawada_IN;IN
VTZ;visakhapatnam_IN;IN
BGW;baghdad_IQ;IQ
ABD;abadan_IR;IR
AWZ;ahwaz_IR;IR
BND;bandar_abbas_IR;IR
BUZ;bushehr_IR;IR
KER;kerman_IR;IR
KSH;kermanshah_IR;IR
KIH;kish_island_IR;IR
MHD;mashad_IR;IR
IFN;sfahan_IR;IR
SYZ;shiraz_IR;IR
TBZ;tabriz_IR;IR
THR;tehran_IR;IR
AEY;akureyri_IS;IS
KEF;reykjavik_IS;IS
ALL;albenga_IT;IT
AHO;alghero_IT;IT
AOI;ancona_IT;IT
BRI;bari_IT;IT
BLQ;bologna_IT;IT
BZO;bolzano_IT;IT
BDS;brindisi_IT;IT
CAG;cagliari_IT;IT
CTA;catania_IT;IT
CRV;crotone_IT;IT
CUF;cuneo_IT;IT
FLR;florence_IT;IT
FOG;foggia_IT;IT
FRL;forli_IT;IT
GOA;genoa_IT;IT
GRS;grosseto_IT;IT
SUF;lamezia_terme_IT;IT
MXP;milano_IT;IT
NAP;napoli_IT;IT
PMO;palermo_IT;IT
PMF;parma_IT;IT
PEG;perugia_IT;IT
PSR;pescara_IT;IT
PSA;pisa_IT;IT
REG;reggio_calabria_IT;IT
FCO;roma_IT;IT
SAY;siena_IT;IT
TRN;torino_IT;IT
TRS;trieste_IT;IT
VCE;venice_IT;IT
VRN;verona_IT;IT
VIC;vicenza_IT;IT
KIN;kingston_JM;JM
AMM;amman_JO;JO
AQJ;aqaba_JO;JO
MMB;abashiri_JP;JP
AXT;akita_JP;JP
AOJ;aomori_JP;JP
AKJ;asahikawa_JP;JP
FUK;fukuoka_JP;JP
FKS;fukushima_JP;JP
HHE;hachinohe_JP;JP
HKD;hakodate_JP;JP
HIJ;hiroshima_JP;JP
IKI;iki_JP;JP
ISG;ishigaki_JP;JP
KOJ;kagoshima_JP;JP
KMQ;kanazawa_JP;JP
KCZ;kochi_JP;JP
KMJ;kumamoto_JP;JP
KUH;kushiro_JP;JP
MMJ;matsumoto_JP;JP
MYJ;matsuyama_JP;JP
KMI;miyazaki_JP;JP
HNA;morioka_JP;JP
NGS;nagasaki_JP;JP
NGO;nagoya_JP;JP
KIJ;niigata_JP;JP
OBO;obihiro_JP;JP
OIT;oita_JP;JP
OKJ;okayama_JP;JP
OKA;okinawa_JP;JP
KIX;osaka_JP;JP
SYO;sakata_JP;JP
CTS;sapporo_JP;JP
SDJ;sendai_JP;JP
FSZ;shizuoka_JP;JP
TAK;takamatsu_JP;JP
TKN;tokunoshima_JP;JP
TKS;tokushima_JP;JP
NRT;tokyo_JP;JP
TOY;toyama_JP;JP
TSJ;tsushima_JP;JP
UBJ;ube_JP;JP
WKJ;wakkanai_JP;JP
KUM;yakushima_JP;JP
MBA;mombasa_KE;KE
NBO;nairobi_KE;KE
FRU;bishkek_KG;KG
PNH;phnompenh_KH;KH
REP;siem_reap_KH;KH
CXI;christmas_KI;KI
YVA;moroni_KM;KM
SKB;st_kitts_KN;KN
CJU;cheju_KR;KR
CJJ;cheongju_KR;KR
YNY;chuncheon_KR;KR
KWJ;gwangju_KR;KR
KPO;pohang_KR;KR
PUS;pusan_KR;KR
ICN;seoul_KR;KR
TAE;taegu_KR;KR
USN;ulsan_KR;KR
KWI;kuwait_KW;KW
GCM;grand_cayman_KY;KY
ALA;almaty_KZ;KZ
TSE;astana_KZ;KZ
GUW;atyrau_KZ;KZ
KGF;karaganda_KZ;KZ
KSN;kostanay_KZ;KZ
PWQ;pavlodar_KZ;KZ
CIT;shymkent_KZ;KZ
URA;uralsk_KZ;KZ
VTE;vientiane_LA;LA
BEY;beirut_LB;LB
SLU;castries_(st_lucia)_LC;LC
CMB;colombo_LK;LK
ROB;monrovia_LR;LR
KUN;kaunas_LT;LT
PLQ;palanga_LT;LT
SQQ;siauliai_LT;LT
VNO;vilnius_LT;LT
LUX;luxembourg_LU;LU
LPX;liepaja_LV;LV
RIX;riga_LV;LV
BEN;benghazi_benina_LY;LY
TIP;tripoli_LY;LY
AGA;agadir_MA;MA
AHU;al_hoceima_MA;MA
CAS;casablanca_MA;MA
EUN;laayoune_MA;MA
RAK;marrakech_MA;MA
NDR;nador_MA;MA
OUD;oujda_MA;MA
RBA;rabat_MA;MA
TNG;tangier_MA;MA
KIV;kishinev_MD;MD
TNR;antananarivo_MG;MG
TMM;toamasina_MG;MG
KWA;kwajalein_MH;MH
OHD;ohrid_MK;MK
SKP;skopje_MK;MK
BKO;bamako_ML;ML
KYS;kayes_ML;ML
RGN;rangoon_MM;MM
ULN;ulan_bator_MN;MN
MFM;macau_MO;MO
FDF;fort_de_france_MQ;MQ
NDB;nouadhibou_MR;MR
NKC;nouakchott_MR;MR
MLA;malta_MT;MT
MRU;mauritius_MU;MU
MLE;male_MV;MV
BLZ;blantyre_MW;MW
LLW;lilongwe_MW;MW
ACA;acapulco_MX;MX
AGU;aguascalientes_MX;MX
CPE;campeche_MX;MX
CUN;cancun_MX;MX
CTM;chetumal_MX;MX
CUU;chihuahua_MX;MX
CHG;chilpancingo_MX;MX
CME;ciudad_del_carmen_MX;MX
CJS;ciudad_juarez_MX;MX
CEN;ciudad_obregon_MX;MX
CVM;ciudad_victoria_MX;MX
CLQ;colima_MX;MX
MM2;cordoba_mx_MX;MX
CZM;cozumel_MX;MX
CUL;culiacan_MX;MX
DGO;durango_MX;MX
GDL;guadalajara_MX;MX
GYM;guaymas_MX;MX
HMO;hermosillo_MX;MX
HUX;hualtulco_MX;MX
BJX;leon_guanajuato_MX;MX
LMM;los_mochis_MX;MX
ZLO;manzanillo_MX;MX
MZT;mazatlan_MX;MX
MID;merida_MX;MX
MXL;mexicali_MX;MX
MEX;mexico_city_MX;MX
MTT;minatitlan_MX;MX
LOV;monclova_MX;MX
MTY;monterrey_MX;MX
MLM;morelia_MX;MX
NOG;nogales_MX;MX
NVL;nuevo_laredo_MX;MX
OAX;oaxaca_MX;MX
PAZ;poza_rica_MX;MX
PBC;puebla_atlixco_MX;MX
PVR;puerto_vallarta_MX;MX
QRO;queretaro_MX;MX
REX;reynosa_MX;MX
SJD;san_jose_mx_MX;MX
SLP;san_luis_potosi_MX;MX
TAM;tampico_MX;MX
TAP;tapachula_MX;MX
TCN;tehuacan_MX;MX
TPQ;tepic_MX;MX
TIJ;tijuana_MX;MX
TLC;toluca_MX;MX
TRC;torreon_MX;MX
WIX;tuxpan_MX;MX
TGZ;tuxtla_gutierrez_MX;MX
UPN;uruapan_MX;MX
VER;veracruz_MX;MX
VSA;villahermosa_MX;MX
JAL;xalapa_MX;MX
ZCL;zacatecas_MX;MX
ZIH;zihuatanejo_MX;MX
AOR;alor_setar_MY;MY
BTU;bintulu_MY;MY
IPH;ipoh_MY;MY
BKI;kota_kinabalu_MY;MY
KUL;kuala_lumpur_MY;MY
TGG;kuala_terengganu_MY;MY
KUA;kuantan_MY;MY
KCH;kuching_MY;MY
LBU;labuan_MY;MY
LDU;lahad_datu_MY;MY
PEN;penang_MY;MY
SDK;sandakan_MY;MY
SBW;sibu_MY;MY
TWU;tawau_sabah_MY;MY
MPM;maputo_MZ;MZ
WDH;windhoek_NA;NA
NOU;noumea_NC;NC
NIM;niamey_NE;NE
ABV;abuja_NG;NG
IBA;ibadan_NG;NG
KAD;kaduna_NG;NG
KAN;kano_NG;NG
LOS;lagos_NG;NG
PHC;port_harcourt_NG;NG
MGA;managua_NI;NI
AMS;amsterdam_NL;NL
EIN;eindhoven_NL;NL
ENS;enshede_NL;NL
GRQ;groningen_NL;NL
MST;maastricht_NL;NL
RTM;rotterdam_NL;NL
HAG;the_hague_NL;NL
UTC;utrecht_NL;NL
ZWO;zwolle_NL;NL
BGO;bergen_NO;NO
BOO;bodo_NO;NO
VDB;fagernes_NO;NO
FRO;floro_NO;NO
KRS;kristiansand_NO;NO
LYR;longyearbyen_NO;NO
MOL;molde_NO;NO
OLA;orland_NO;NO
OSL;oslo_NO;NO
RRS;roros_NO;NO
SKE;skien_NO;NO
SVG;stavanger_NO;NO
TOS;tromso_NO;NO
TRD;trondheim_NO;NO
KTM;katmandu_NP;NP
INU;nauru_island_NR;NR
AKL;auckland_NZ;NZ
CHC;christchurch_NZ;NZ
DUD;dunedin_NZ;NZ
HLZ;hamilton_nz_NZ;NZ
PMR;palmerston_NZ;NZ
ZQN;queenstown_NZ;NZ
WAG;wanganui_NZ;NZ
WLG;wellington_NZ;NZ
MCT;muscat_OM;OM
SLL;salalah_OM;OM
PTY;panama_city_PA;PA
AQP;arequipa_PE;PE
AYP;ayacucho_PE;PE
CIX;chiclayo_PE;PE
CUZ;cuzco_PE;PE
ATA;huaraz_PE;PE
IQT;iquitos_PE;PE
JAU;jauja_PE;PE
LIM;lima_PE;PE
PIU;piura_PE;PE
PCL;pucallpa_PE;PE
TCQ;tacna_PE;PE
TPP;tarapoto_PE;PE
TRU;trujillo_PE;PE
PPT;papeete_PF;PF
POM;port_moresby_PG;PG
CEB;cebu_PH;PH
MNL;manila_PH;PH
ISB;islamabad_PK;PK
KHI;karachi_PK;PK
LHE;lahore_PK;PK
PEW;peshawar_PK;PK
BST;bialystok_PL;PL
BZG;bydgoszcz_PL;PL
GDN;gdansk_PL;PL
KTW;katowice_PL;PL
KRK;krakow_PL;PL
LCJ;lodz_PL;PL
LBN;lublin_PL;PL
POZ;poznan_PL;PL
RZE;rzeszow_PL;PL
SZZ;szczytno_PL;PL
WAW;warsaw_PL;PL
WRO;wroclaw_PL;PL
SJU;san_juan_pr_PR;PR
BGZ;braga_PT;PT
BGC;braganca_PT;PT
COI;coimbra_PT;PT
FAO;faro_PT;PT
FNC;funchal_PT;PT
LIS;lisbon_PT;PT
OPO;porto_PT;PT
TER;terceira_(acores)_PT;PT
VRL;vila_real_PT;PT
VSE;viseu_PT;PT
ASU;asuncion_PY;PY
AGT;ciudad_del_este_PY;PY
DOH;doha_QA;QA
RUN;st_denis_RE;RE
BCM;bacau_RO;RO
BSV;brasov_RO;RO
OTP;bucharest_RO;RO
CLJ;cluj_napoca_RO;RO
CND;constanta_RO;RO
CRA;craiova_RO;RO
IAS;iasi_RO;RO
OMR;oradea_RO;RO
SBZ;sibiu_RO;RO
TSR;timisoara_RO;RO
QND;novi_sad_RS;RS
ABA;abakan_RU;RU
DYR;anadyr_RU;RU
AAQ;anapa_RU;RU
ARH;arkhangelsk_RU;RU
ASF;astrakhan_RU;RU
BAX;barnaul_RU;RU
EGO;belgorod_RU;RU
BQS;blagoveshchensk_RU;RU
BTK;bratsk_RU;RU
BZK;bryansk_RU;RU
UUA;bugulma_RU;RU
CSY;cheboksary_RU;RU
CEK;chelyabinsk_RU;RU
CEE;cherepovets_RU;RU
HTA;chita_RU;RU
CKH;chokurdakh_RU;RU
SVX;ekaterinburg_RU;RU
ESL;elista_RU;RU
EIE;eniseysk_RU;RU
GDZ;gelendzhik_RU;RU
RGK;gorno-altaysk_RU;RU
GRV;grozny_RU;RU
IAA;igarka_RU;RU
IKT;irkutsk_RU;RU
IWA;ivanovo_RU;RU
IJK;izhevsk_RU;RU
KGD;kaliningrad_RU;RU
KLF;kaluga_RU;RU
KZN;kazan_RU;RU
KEJ;kemerovo_RU;RU
KHV;khabarovsk_RU;RU
HMA;khanty_mansiysk_RU;RU
KVX;kirov_RU;RU
KXK;komsomolsk_na_amure_RU;RU
KMW;kostroma_RU;RU
KSZ;kotlas_RU;RU
KRR;krasnodar_RU;RU
KKQ;krasnoselkup_RU;RU
KJA;krasnoyarsk_RU;RU
KRO;kurgan_RU;RU
URS;kursk_RU;RU
KYZ;kyzyl_RU;RU
LPK;lipetsk_RU;RU
GDX;magadan_RU;RU
MQF;magnitogorsk_RU;RU
MCX;makhachkala_RU;RU
MRV;mineralnye_vody_RU;RU
MJZ;mirnyi_RU;RU
SVO;moscow_RU;RU
MMK;murmansk_RU;RU
NBC;naberezhnye_chelny_RU;RU
NYM;nadym_RU;RU
NAL;nalchik_RU;RU
NNM;naryan_mar_RU;RU
IGT;nazran_RU;RU
NEF;neftekamsk_RU;RU
NFG;nefteugansk_RU;RU
NER;neryungri_RU;RU
NLI;nikolaevsk-na-amure_RU;RU
GOJ;nizhniy_novgorod_RU;RU
NSK;norilsk_RU;RU
NUX;noviy_urengoy_RU;RU
NOZ;novokuznetsk_RU;RU
OVB;novosibirsk_RU;RU
NOJ;noyabrsk_RU;RU
NYA;nyagan_RU;RU
NYR;nyurba_RU;RU
OHH;okha_RU;RU
OHO;okhotsk_RU;RU
ONK;olenekskiy_RU;RU
OMS;omsk_RU;RU
REN;orenburg_RU;RU
OSW;orsk_RU;RU
OEL;oryol_RU;RU
PEX;pechora_RU;RU
PEZ;penza_RU;RU
PEE;perm_RU;RU
PKC;petropavlovsk_kamchatskiy_RU;RU
PES;petrozavodsk_RU;RU
PKV;pskov_RU;RU
ROV;rostov_on_don_RU;RU
SLY;salekhard_RU;RU
KUF;samara_RU;RU
SKX;saransk_RU;RU
RTW;saratov_RU;RU
LNX;smolensk_RU;RU
AER;sochi_RU;RU
OVS;sovetskiy_RU;RU
LED;st_petersbourg_RU;RU
STW;stavropol_RU;RU
SWT;sterzhnevoy_RU;RU
SUY;suntar_RU;RU
SGC;surgut_RU;RU
SCW;syktyvkar_RU;RU
TBW;tambov_RU;RU
IKS;tiksi_RU;RU
TOF;tomsk_RU;RU
TJM;tyumen_RU;RU
UFA;ufa_RU;RU
UCT;ukhta_RU;RU
UUD;ulan_ude_RU;RU
ULV;ulyanovsk_RU;RU
ULY;ulyanovsk_RU;RU
URJ;uray_RU;RU
USK;usinsk_RU;RU
UTS;ust_tsilma_RU;RU
UIK;ust_ulimsk_RU;RU
VUS;velikiy_ustug_RU;RU
NVR;veliky_novgorod_RU;RU
OGZ;vladikavkaz_RU;RU
VVO;vladivostok_RU;RU
VOG;volgograd_RU;RU
VGD;vologda_RU;RU
VKT;vorkuta_RU;RU
VOZ;voronezh_RU;RU
YKS;yakutsk_RU;RU
IAR;yaroslavl_RU;RU
JOK;yoshkar_ola_RU;RU
UUS;yuzhno_sakhalinsk_RU;RU
ZIX;zhiganskiy_RU;RU
KGL;kigali_RW;RW
AHB;abha_SA;SA
DMM;dammam_SA;SA
DHA;dhahran_SA;SA
ELQ;gassim_SA;SA
HAS;hail_SA;SA
JED;jeddah_SA;SA
MED;medina_SA;SA
RUH;riyadh_SA;SA
TUU;tabuk_SA;SA
YNB;yanbu_SA;SA
HIR;honiara_SB;SB
SEZ;mahe_SC;SC
KRT;khartoum_SD;SD
PZU;port_sudan_SD;SD
BLE;borlange_SE;SE
EKT;eskilstuna_SE;SE
GVX;gavle_SE;SE
GOT;goteborg_SE;SE
HAD;halmstad_SE;SE
JKG;jonkoping_SE;SE
KLR;kalmar_SE;SE
KSD;karlstad_SE;SE
KID;kristianstad_SE;SE
LDK;lidkoping_SE;SE
LPI;linkoping_norrkoping_SE;SE
LLA;lulea_SE;SE
MMX;malmo_SE;SE
ORB;orebro_taeby_SE;SE
RNB;ronneby_SE;SE
ARN;stockholm_SE;SE
SDL;sundsvall_SE;SE
EVG;sveg_SE;SE
UME;umea_SE;SE
VST;vasteras_SE;SE
VXO;vaxjoe_SE;SE
VBY;visby_SE;SE
SIN;singapore_SG;SG
LJU;ljubljana_SI;SI
MBX;maribor_SI;SI
POW;portoroz_SI;SI
BTS;bratislava_SK;SK
KSC;kosice_SK;SK
PZY;piestany_slovakia_SK;SK
SLD;sliac_SK;SK
TAT;tatry_poprad_SK;SK
FNA;freetown_SL;SL
DKR;dakar_SN;SN
PBM;paramaribo_SR;SR
TMS;sao_tome_ST;ST
SAL;san_salvador_sv_SV;SV
ALP;alep_SY;SY
DAM;damascus_SY;SY
NDJ;n_djamena_TD;TD
LFW;lome_TG;TG
BKK;bangkok_TH;TH
CNX;chiang_mai_TH;TH
HKT;phuket_TH;TH
DYU;dushanbe_TJ;TJ
ASB;askhabad_TM;TM
GAF;gafsa_TN;TN
DJE;jerba_TN;TN
MIR;monastir_TN;TN
SFA;sfax_TN;TN
TBJ;tabarka_TN;TN
TUN;tunis_TN;TN
TBU;tongatapu_TO;TO
ADA;adana_TR;TR
ANK;ankara_TR;TR
AYT;antalya_TR;TR
BJV;bodrum_TR;TR
BTZ;bursa_TR;TR
DNZ;denizli_TR;TR
DIY;diyarbakir_TR;TR
ERZ;erzurum_TR;TR
ESK;eskisehir_TR;TR
IST;istanbul_TR;TR
ADB;izmir_TR;TR
KCO;izmit_TR;TR
ASR;kayseri_TR;TR
KYA;konya_TR;TR
NAV;nevsehir_TR;TR
SSX;samsun_TR;TR
TZX;trabzon_TR;TR
POS;port_of_spain_TT;TT
TPE;taipei_TW;TW
DAR;daressalaam_TZ;TZ
JRO;kilimanjaro_TZ;TZ
ZNZ;zanzibar_TZ;TZ
CEJ;chernigiv_UA;UA
DNK;dnepropetrovsk_UA;UA
DOK;donestk_UA;UA
HRK;kharkov_UA;UA
KHE;kherson_UA;UA
IEV;kiev_UA;UA
KGO;kirovograd_UA;UA
KHU;kremenchug_UA;UA
VSG;luhansk_UA;UA
LWO;lvov_UA;UA
MKV;mikolaiv_UA;UA
ODS;odessa_UA;UA
SIP;simferopol_UA;UA
UMY;sumy_UA;UA
TNL;ternopil_UA;UA
OZH;zaporizhya_UA;UA
ZTR;zhitomir_UA;UA
EBB;entebbe_UG;UG
KLA;kampala_UG;UG
ABY;albany_ny_US;US
ABQ;albuquerque_US;US
AMA;amarillo_US;US
ANC;anchorage_US;US
ADR;andrews_US;US
ATW;appleton_US;US
ATL;atlanta_US;US
BWI;baltimore_US;US
BGR;bangor_US;US
BGM;binghamton_ny_US;US
BHM;birmingham_al_US;US
BIS;bismarck_nd_US;US
BOI;boise_US;US
BOS;boston_US;US
WYS;bozeman_yellowstone_US;US
BUF;buffalo_US;US
BTV;burlington_vt_US;US
CHS;charleston_sc_US;US
CLT;charlotte_nc_US;US
CHA;chattanooga_US;US
CYS;cheyenne_US;US
MDW;chicago_US;US
CVG;cincinnati_US;US
CLE;cleveland_oh_US;US
CAE;colombia_sc_US;US
COS;colorado_springs_US;US
CMH;columbus_oh_US;US
ELM;corning_ny_US;US
CRP;corpus_christi_US;US
DFW;dallas_US;US
DAY;dayton_oh_US;US
DEN;denver_US;US
DSM;des_moines_US;US
DTW;detroit_US;US
DHN;dothan_al_US;US
ELP;el_paso_US;US
FAY;fayetteville_cn_US;US
FNT;flint_US;US
FLO;florence_sc_US;US
FMY;fort_myers_US;US
FWA;fort_wayne_US;US
FAT;fresno_ca_US;US
GRR;grands_rapids_US;US
GTF;great_falls_US;US
GSO;greensboro_US;US
GSP;greenville_sc_US;US
HRL;harlingen_tx_US;US
MDT;harrisburg_pa_US;US
HFD;hartford_springfield_US;US
HNL;honolulu_US;US
IAH;houston_US;US
HSV;huntsville_al_US;US
IDA;idaho_falls_US;US
IND;indianapolis_US;US
JAN;jackson_ms_US;US
JAX;jacksonville_fl_US;US
MKC;kansas_city_US;US
TYS;knoxville_tn_US;US
LFT;lafayette_la_US;US
LAN;lansing_mi_US;US
LRD;laredo_tx_US;US
LRU;las_cruces_US;US
LAS;las_vegas_US;US
LIT;little_rock_ar_US;US
LAX;los_angeles_US;US
SDF;louisville_ky_US;US
LBB;lubbock_tx_US;US
MSN;madison_wi_US;US
MEM;memphis_US;US
MIA;miami_US;US
MAF;midland_odessa_tx_US;US
MKE;milwaukee_US;US
MSP;minneapolis_US;US
MSO;missoula_US;US
MOB;mobile_al_US;US
BNA;nashville_US;US
MSY;new_orleans_US;US
JFK;new_york_US;US
XNA;northwest_arkansas_US;US
OKC;oklahoma_city_US;US
OMA;omaha_US;US
ORL;orlando_US;US
PSC;pasco_tri_cities_wa_US;US
PHL;philadelphia_US;US
PHX;phoenix_US;US
PIT;pittsburgh_US;US
PWM;portland_me_US;US
PDX;portland_or_US;US
MLI;quad_city_ia_il_US;US
RDU;raleigh_durham_nc_US;US
RAP;rapid_city_sd_US;US
RNO;reno_nv_US;US
RIC;richmond_va_US;US
ROC;rochester_US;US
SMF;sacramento_US;US
SPN;saipan_US;US
SLC;salt_lake_city_US;US
SAT;san_antonio_austin_US;US
SAN;san_diego_US;US
SFO;san_francisco_US;US
SAV;savannah_US;US
SEA;seattle_US;US
SHV;shreveport_US;US
FSD;sioux_falls_US;US
GEG;spokane_US;US
SGF;springfield_mo_US;US
SJF;st_john_island_US;US
STL;st_louis_mo_il_US;US
SYR;syracuse_ny_US;US
TLH;tallahassee_US;US
TPA;tampa_fl_US;US
TUS;tucson_az_US;US
TUL;tulsa_US;US
IAD;washington_dc_US;US
ILG;wilmington_de_US;US
ILM;wilmington_nc_US;US
YUM;yuma_US;US
PDP;maldonado_UY;UY
MVD;montevideo_UY;UY
STY;salto_UY;UY
TAW;tacuarembo_UY;UY
AZN;andizhan_UZ;UZ
NMA;namamgan_UZ;UZ
NCU;nukus_UZ;UZ
SKD;samarkand_UZ;UZ
TAS;tashkent_UZ;UZ
SVD;st_vincent_kingstown_VC;VC
BLA;barcelona_puerto_la_cruz_VE;VE
BNS;barinas_VE;VE
BRM;barquisimeto_VE;VE
CCS;caracas_VE;VE
CBL;ciudad_bolivar_VE;VE
CGU;ciudad_guayana_VE;VE
CZE;coro_VE;VE
MAR;maracaibo_VE;VE
MUN;maturin_VE;VE
PMV;porlamar_VE;VE
PYH;puerto_ayacucho__VE;VE
VLN;valencia_ve_VE;VE
VDP;valle_de_la_pascua_VE;VE
TOV;tortola_VG;VG
STX;st_croix_VI;VI
DAD;da_nang_VN;VN
SGN;ho_chi_minh_city_VN;VN
VLI;port_vila_VU;VU
APW;apia_WS;WS
SAH;sanaa_YE;YE
BFN;bloemfontein_ZA;ZA
CPT;cape_town_ZA;ZA
DUR;durban_ZA;ZA
JNB;johannesburg_ZA;ZA
KIM;kimberley_ZA;ZA
LAY;ladysmith_ZA;ZA
PLZ;port_elizabeth_ZA;ZA
HPR;pretoria_ZA;ZA
LUN;lusaka_ZM;ZM
HRE;harare_ZW;ZW
